{
    "accuracy": 0.9434782608695652,
    "precision": 0.9431406543061255,
    "recall": 0.9434782608695652
}
