{
    "accuracy": 0.9404216315307058,
    "precision": 0.9390681355807603,
    "recall": 0.9404216315307058
}
